BEGIN TRANSACTION;
CREATE TABLE IF NOT EXISTS "Owner" (
	"ID"	INTEGER,
	"PersonID"	INTEGER,
	"CarID"	INTEGER,
	PRIMARY KEY("ID")
);
CREATE TABLE IF NOT EXISTS "Car" (
	"ID"	INTEGER,
	"Car"	TEXT,
	PRIMARY KEY("ID")
);
CREATE TABLE IF NOT EXISTS "Person" (
	"ID"	INTEGER,
	"Name"	TEXT,
	PRIMARY KEY("ID")
);
INSERT INTO "Owner" VALUES (1,1,1);
INSERT INTO "Owner" VALUES (2,1,2);
INSERT INTO "Owner" VALUES (3,1,3);
INSERT INTO "Owner" VALUES (4,2,4);
INSERT INTO "Owner" VALUES (5,2,5);
INSERT INTO "Owner" VALUES (6,3,6);
INSERT INTO "Owner" VALUES (7,3,7);
INSERT INTO "Owner" VALUES (8,4,8);
INSERT INTO "Owner" VALUES (9,4,9);
INSERT INTO "Owner" VALUES (10,4,10);
INSERT INTO "Owner" VALUES (11,4,11);
INSERT INTO "Owner" VALUES (12,4,12);
INSERT INTO "Owner" VALUES (13,4,13);
INSERT INTO "Owner" VALUES (14,4,14);
INSERT INTO "Car" VALUES (1,'Corvette Z06');
INSERT INTO "Car" VALUES (2,'Lotus Exite S');
INSERT INTO "Car" VALUES (3,'BMW M3');
INSERT INTO "Car" VALUES (4,'BMW 320d');
INSERT INTO "Car" VALUES (5,'Mercedes SLK AMG');
INSERT INTO "Car" VALUES (6,'Toyota Alphard');
INSERT INTO "Car" VALUES (7,'Mercedes Sprinter');
INSERT INTO "Car" VALUES (8,'Toyota Camry');
INSERT INTO "Car" VALUES (9,'BMW M5');
INSERT INTO "Car" VALUES (10,'Porsche 911');
INSERT INTO "Car" VALUES (11,'Jaguar');
INSERT INTO "Car" VALUES (12,'TukTuk');
INSERT INTO "Car" VALUES (13,'Mini Cooper');
INSERT INTO "Car" VALUES (14,'Honda Jazz');
INSERT INTO "Person" VALUES (1,'Rick');
INSERT INTO "Person" VALUES (2,'John');
INSERT INTO "Person" VALUES (3,'Fluke');
INSERT INTO "Person" VALUES (4,'Nan');
COMMIT;
